{"densities": [0, 0.01, 0.02, 0.03, 0.04, 0.05, 0.06, 0.07, 0.08, 0.09, 0.1, 0.11, 0.12, 0.13, 0.14, 0.15, 0.16, 0.17, 0.18, 0.19, 0.2, 0.21, 0.22, 0.23, 0.24, 0.25, 0.26, 0.27, 0.28, 0.29, 0.3, 0.31, 0.32, 0.33, 0.34, 0.35, 0.36, 0.37, 0.38, 0.39, 0.4, 0.41, 0.42, 0.43, 0.44, 0.45, 0.46, 0.47, 0.48, 0.49, 0.5, 0.51, 0.52, 0.53, 0.54, 0.55, 0.56, 0.57, 0.58, 0.59, 0.6, 0.61, 0.62, 0.63, 0.64, 0.65, 0.66, 0.67, 0.68, 0.69, 0.7, 0.71, 0.72, 0.73, 0.74, 0.75, 0.76, 0.77, 0.78, 0.79, 0.8, 0.81, 0.82, 0.83, 0.84, 0.85, 0.86, 0.87, 0.88, 0.89, 0.9, 0.91, 0.92, 0.93, 0.94, 0.95, 0.96, 0.97, 0.98, 0.99, 1.0], "scores": [1, 1.0, 0.9975, 0.995, 0.995, 0.9960000000000001, 0.9941666666666668, 0.9928571428571428, 0.99375, 0.9877777777777774, 0.9845000000000003, 0.9827272727272726, 0.9783333333333332, 0.9734615384615384, 0.9653571428571428, 0.9513333333333333, 0.9428125, 0.906764705882353, 0.8947222222222223, 0.8689473684210527, 0.8640000000000002, 0.8400000000000002, 0.7938636363636364, 0.7954347826086956, 0.7595833333333332, 0.7346000000000004, 0.7086538461538461, 0.6885185185185185, 0.6619642857142857, 0.6624347826086957, 0.627, 0.6238709677419355, 0.60140625, 0.5906060606060608, 0.5651470588235296, 0.5590000000000002, 0.5337499999999998, 0.53, 0.5256578947368421, 0.5071794871794872, 0.514375, 0.4870731707317072, 0.4751190476190476, 0.46976744186046526, 0.4749999999999999, 0.46344444444444455, 0.4528260869565216, 0.44914893617021284, 0.44645833333333335, 0.43214285714285716, 0.4356000000000001, 0.4316666666666666, 0.42201923076923065, 0.42556603773584906, 0.4123148148148148, 0.42245454545454536, 0.42794642857142856, 0.4174449339207048, 0.4063203463203464, 0.3967796610169492, 0.40241666666666676, 0.4048360655737704, 0.4014516129032258, 0.39944444444444444, 0.401875, 0.38784615384615373, 0.39401515151515154, 0.3982835820895523, 0.38345588235294115, 0.3928260869565217, 0.38664285714285723, 0.3711971830985917, 0.3801388888888888, 0.37657534246575364, 0.37229729729729727, 0.3710666666666666, 0.36907894736842095, 0.3609740259740261, 0.363525641025641, 0.35031645569620246, 0.34275000000000005, 0.338888888888889, 0.3326829268292682, 0.3153012048192771, 0.3155952380952382, 0.2978235294117647, 0.2806395348837209, 0.2747701149425288, 0.28107954545454544, 0.2608988764044945, 0.2421111111111111, 0.22829670329670335, 0.20304347826086955, 0.19946236559139788, 0.17212765957446816, 0.15499999999999997, 0.1265625, 0.09309278350515462, 0.06739795918367349, 0.03631313131313132, 0.0]}